question_id,local-or-sum,cor_section,attribute1,attribute2,question,ex-or-im1,answer1,answer2,answer3,ex-or-im2,answer4,answer5,answer6
1,local,1,character,,Who was gracious and debonair?,explicit,Thomas Learmont,,,,,,
2,local,1,action,,What did Thomas Learmont love to do?,explicit,"study nature, and to watch the habits of the beasts and birds that made their abode in the fields and woods round about his home",,,,,,
3,local,1,action,,What did Thomas do one sunny May morning?,explicit,"left his Tower of Ercildoune, and went wandering into the woods that lay about the Huntly Burn",,,,,,
4,local,2,feeling,,How did Thomas feel after seeing the beautiful woods?,explicit,so happy,,,,,,
5,local,2,action,,What did Thomas do to watch the living things around him?,explicit,threw himself down at the root of a tree,,,,,,
6,local,3,action,,What did Thomas hear while he was lying there?,explicit,trampling of a horse's hooves,,,,,,
7,summary,"3, 5",character,,Who was the most beautiful lady that Thomas had ever seen?,explicit,The Queen of Fairy-Land,,,,,,
8,local,4,action,,What did the lady carry?,explicit,a hunting-horn and a sheaf of arrows,,,,,,
9,local,4,causal relationship,,Why did the lady shake her head?,explicit,She was not the Blessed Virgin.,She knew Thomas's thoughts.,,,,,
10,local,5,outcome resolution,,What happened after a spell was casted over Thomas?,explicit,"It made him forget prudence, and caution, and common-sense itself.",,,,,,
11,local,5,causal relationship,,Why did Thomas beg the Queen of Fairies for a kiss?,explicit,He was so entranced with the Lady's beauty.,,,,,,
12,local,5,causal relationship,,Why did the Queen of Fairies want Thomas to ask her for a kiss?,explicit,She knew that if she once kissed him she had him in her power.,,,,,,
13,local,6,outcome resolution,,What happened after they kissed?,explicit,An awful change came over her.,,,,,,
14,local,6,feeling,,How did Thomas feel after he saw the Queen of Fairies change into an old lady?,implicit,terrified,surprised,astonished,,,,
15,local,6,action,,What did Thomas need to do after he kissed the Queen of Fairies?,explicit,become her servant and go with her to Fairy-Land,,,,,,
16,local,6,prediction,action,What will Thomas do after he heard the Queen of Fairies' demands?,explicit,fall on his knees and beg for mercy,,,,,,
17,local,6,feeling,,How did Thomas feel after he heard the Queen of Fairies' demands?,implicit,scared,afraid,terrified,,,,
18,summary,"5, 6",causal relationship,,Why did Thomas have to serve the Queen of the Fairies?,implicit,He asked for a kiss.,He begged for a kiss.,,,,,
19,local,7,prediction,outcome resolution,What will happen after Thomas mounts behind the Queen of Fairies?,explicit,"They will leave land of the living behind, and cpme to the edge of a great desert.",,,,,,
20,summary,"6, 7",causal relationship,,Why did Thomas listen to the Queen of Fairies and mounted behind her?,implicit,He needed to pay for the price of kissing her.,He needed to be her servant.,,,,,
21,summary,"8, 10",causal relationship,,Why did the Queen of Fairies stop at the desert?,implicit,They were at their destination.,She was going to show him Fairy-land.,,,,,
22,local,8,action,,What did the Queen of Fairies order Thomas to do after they stopped at the desert?,explicit,bend down and lay his head on her knee,,,,,,
23,local,8,action,,What did the Queen of Fairies plan to show Thomas?,explicit,hidden things,,,,,,
24,local,8,outcome resolution,,What happened after Thomas looked once more over the desert?,explicit,Everything seemed changed.,,,,,,
25,local,8,action,,What did Thomas see after he looked once more over the desert?,explicit,three roads,,,,,,
26,local,9,action,,What did the Queen of Fairies explain to Thomas after he saw the three roads?,explicit,where these three roads lead to,,,,,,
27,local,9,causal relationship,,Why did folks regret choosing the first road?,explicit,It leads to a bad end.,,,,,,
28,local,10,causal relationship,,Why didn't folks ask where the narrow road led to?,implicit,The road had thorns and briars.,The road was hard to pass through.,,,,,
29,local,10,causal relationship,,Why would folks set out along the narrow road if they asked where it led to?,implicit,The road led to a glorious city.,The road led to the City of the Great King.,,,,,
30,local,10,action,,What road did Thomas and the Queen of Fairies need to take?,explicit,the third road,the bonnie road,,,,,
31,local,10,causal relationship,,Why did Thomas and the Queen of Fairies need to take the third road?,implicit,The road lead to Elf-land.,The road would take them to Elf-Land.,,,,,
32,local,10,action,,What did Thomas need to do to go home?,implicit,He cannot speak.,He cannot open his lips.,,,,,
33,local,10,causal relationship,,Why couldn't Thomas speak in Fairy-land?,explicit,The mortals who open his lips rashly in Fairy-land must bide there for ever.,,,,,,
34,local,11,action,,What did Thomas and the Queen of Fairies ride on?,explicit,her palfrey,,,,,,
35,local,11,feeling,,How did Thomas feel after he parted from the daylight?,implicit,scared,afraid,terrified,,,,
36,local,11,action,,What did Thomas do to keep himself from falling off the palfrey?,implicit,held onto the Fairy's ash-grey gown,grabbed onto Fairy's ash-grey gown,,,,,
37,local,12,setting,,Where were Thomas and the Queen of Fairies after they were back in broad sunshine?,explicit,a beautiful orchard,,,,,,
38,local,12,action,,What did Thomas see in the beautiful orchard?,explicit,"apples, pears, dates, figs, and wine-berries",,,,,,
39,local,12,causal relationship,,Why did Thomas want to eat some of the fruit?,explicit,"His tongue was so parched and dry, and he felt so faint.",,,,,,
40,local,12,action,,What did the Queen of Fairies do when Thomas stretched out his hand to pluck some fruit?,explicit,turned in her saddle and forbade him,,,,,,
41,local,12,causal relationship,,Why did the Queen of Fairies forbid Thomas from eating fruits in the orchard?,implicit,It was not safe to eat.,He would be stuck in Fairy-land forever if he ate the fruit.,,,,,
42,summary,"12, 13",causal relationship,,Why did the Queen of Fairies give Thomas a red apple?,implicit,He could eat this fruit.,He would be again a power by eating this fruit.,,,,,
43,local,13,action,,What did men call Thomas?,explicit,True Thomas,,,,,,
44,local,13,causal relationship,,Why did men call Thomas as True Thomas?,explicit,The Grace of Truth rested on his lips.,,,,,,
45,local,13,setting,,Where did Thomas and Queen of Fairies go to after they passed through the orchard?,explicit,a magnificent Castle,,,,,,
46,local,13,action,,What did the Queen of the Fairies order Thomas to do after they arrived at the castle?,implicit,not speak to anyone,not talk to others,,,,,
47,local,14,action,,What did the Queen of Fairies do after she gave Thomas the instructions at the castle?,explicit,"raised her hunting-horn, and blew a loud and piercing blast",,,,,,
48,local,14,outcome resolution,,What happened after the Queen of Fairies blew her hunting-horn?,implicit,She became young and beautiful again.,Her appearance changed.,Thomas's aclothes changed.,,,,
49,local,14,character,,Who hurried out to meet the Queen?,explicit,the King,,,,,,
50,local,14,action,,What did Thomas do after the King hurried out to meet the Queen?,explicit,obeyed her wishes and passed into the Castle unobserved,,,,,,
51,local,14,prediction,feeling,How will everyone feel after the Queen came back?,explicit,very glad,,,,,,
52,local,15,causal relationship,,Why did Thomas feel very lonely at the castle?,implicit,He could not talk to anyone.,The Queen was busy.,,,,,
53,local,15,action,,What did the huntsmen bring back?,explicit,great antlered deer,,,,,,
54,local,15,action,,What did Thomas do while he was in the castle?,explicit,"stood and gazed, and gazed, never speaking a word to anybody",,,,,,
55,local,16,causal relationship,,Why did Thomas only have to stay in Fairy-land for three days instead of seven years?,explicit,Time passed quickly in Fairy-land.,,,,,,
56,local,16,action,,What did Thomas need to do to go back home?,explicit,mount and ride the palfrey,,,,,,
57,local,16,causal relationship,,Why couldn't Thomas stay in Fairy-land any longer?,explicit,"Every seventh year an Evil Spirit came from the Regions of Darkness, and carried back with him one of their followers.",,,,,,
58,local,16,causal relationship,,Why did the Queen fear that the Evil Spirt would take Thomas?,implicit,He was a good fellow.,He was a good man.,,,,,
59,local,16,causal relationship,,Why did the Queen take Thomas back to his country the same night?,implicit,She did not want anything bad to happen to him.,She was worried for him.,,,,,
60,local,16,feeling,,How did Thomas feel after the Queen told him he could leave?,implicit,surprised,amazed,astonished,,,,
61,local,17,setting,,Where did Thomas and the Queen return to after they left Fairy-land?,explicit,the Eildon Tree near the Huntly Burn,,,,,,
62,local,17,action,,What did Thomas ask the Queen for before she left?,explicit,a parting gift,,,,,,
63,local,17,causal relationship,,Why did Thomas want a parting gift?,implicit,He wanted to show people that he had been to Fairy-land.,He wanted proof of his journey to Fairy-land.,,,,,
64,local,17,action,,What did the Queen give to Thomas as a parting gift?,explicit,the Gifts of Prophecy and Poesie,a Harp,,,,,
65,local,17,causal relationship,,Why did the Queen give Thomas the Gifts of Prophecy and Poesie?,implicit,"These gave him the power to foretell the future, and to write wondrous verses.",She wanted to give him more powers.,,,,,
66,local,17,causal relationship,,Why did the Queen give Thomas a harp?,implicit,She wanted to give him something mortals can see.,She already gave him unseen gifts.,,,,,
67,local,17,setting,,Where did the Queen return to after she gave Thomas the gifts?,explicit,Fairy-land,,,,,,
68,local,17,prediction,outcome resolution,What will happen after the Queen leaves for Fairy-land?,implicit,Thomas will become famous for his powers.,Thomas will live many years in his castle.,,,,,
69,summary,"17, 18",causal relationship,,Why was Thomas famous for his poetry and his prophecies?,implicit,The Queen gave him powers.,The Queen gifted him with these powers.,,,,,
70,local,18,causal relationship,,Why did people name him Thomas the Rhymer?,implicit,He was famous for his prophecies.,He was known for his poetry and prophecies.,,,,,
71,summary,"18, 19",action,,What prophecies did Thomas foretell?,explicit,the Battle of Bannockburn,the Union of the Crowns of England and Scotland,,,,,
72,local,20,outcome resolution,,What happened after fourteen long years went by?,explicit,Scotland was at war with England.,,,,,,
73,local,20,action,,What did Thomas want to do while there was a war?,explicit,"make a feast, and invite all the Nobles and Barons",,,,,,
74,local,20,action,,What did Thomas do after the meal ended?,explicit,took his Elfin Harp and sang to his assembled guests song after song of the days of long ago,,,,,,
75,local,21,character,,Who were the messengers of the Queen?,explicit,a snow-white Hart and Hind,,,,,,
76,local,21,causal relationship,,Why were a snow-white Hart and Hind moving slowly down the road?,implicit,They were finding Thomas.,They needed to give a message to Thomas.,,,,,
77,local,21,action,,What did a soldier on guard see?,explicit,a snow-white Hart and Hind,,,,,,
78,local,21,causal relationship,,Why did the soldier call to his officer to come and look at the animals?,explicit,There was something so unusual about the animals.,,,,,,
79,local,21,causal relationship,,Why did the soldier want to call for Thomas?,implicit,He wanted to know if the animals were an omen.,He wanted Thomas's opinion.,,,,,
80,local,22,feeling,,How did Thomas feel after he heard the boy's message?,implicit,surprised,astonished,amazed,,,,
81,summary,"17, 22",action,,How did Thomas know that it was a summons from the Queen?,implicit,The Queen said she would return for him someday.,The Queen mentioned that she would come back.,,,,,
82,local,22,action,,What did Thomas do after he went out?,explicit,walked straight up to the snow-white Hart and Hind,,,,,,
83,local,22,outcome resolution,,What happened after Thomas met the snow-white Hard and Hind?,explicit,"All three moved slowly down a steep bank that sloped to the little river Leader, and disappeared in its foaming waters, for the stream was in full flood.",,,,,,
84,local,22,causal relationship,,"Why did Thomas, the snow-white Hard, and Hind disappear in the river's foaming waters?",implicit,They went to Fairy-land.,They left for Fairy-land.,,,,,
85,local,22,action,,What did everyone do after Thomas disappeared?,implicit,made a careful search,searched for him,,,,,
86,local,22,outcome resolution,,What happened after a careful search was made?,explicit,No trace of Thomas of Ercildoune was found.,,,,,,
87,local,22,feeling,,How did everyone feel after Thomas disappeared?,implicit,confused,concerned,worried,,,,
88,local,22,action,,What did the country folk believe the Hard and Hind were?,explicit,messengers from the Elfin Queen,,,,,,
89,local,22,setting,,Where did the country folk believe Thomas went to?,explicit,Fairy-land,,,,,,
