question_id,local-or-sum,cor_section,ex-or-im1,attribute1,attribute2,question,answer1,answer2,answer3,ex-or-im2,answer4,answer5,answer6
1,local,1,explicit,character,,What was the wicked manito in the disguise of?,an old Indian,,,explicit,An old indian,,
2,local,1,explicit,action,,Why did the Mudjee Monedo almost live in solitude in the wilderness?,had so thinned the people by his cruel practices,,,explicit,He had so thinned the people by his cruel practices,,
3,local,1,explicit,causal relationship,,Why did the Mudjee Monedo always run in a circle?,so that the starting and the winning-post was the same,,,explicit,So that the starting and the winning-post was the same,,
4,local,2,explicit,action,,How did the Mudjee Monedo leave his competitor behind?,"changed himself into a fox, wolf, deer, or other swift-footed animal",,,explicit,"He changed himself into a fox, wolf, deer, or other swift-footed animal, and was thus able to leave his competitor behind",,
5,local,2,explicit,action,,Why did the young men rather die?,They would rather die than be called cowards.,,,explicit,They would rather die than be called cowards,,
6,local,3,explicit,action,,What did the Mudjee Monedo do to learn whether the young boys were old enough to run with him?,"kept a very sharp eye upon their growth, and the day he thought them ready, he did not fail to challenge them to a trial on his racing-ground",,,explicit,He kept a very sharp eye upon their growth,,
7,local,4,explicit,character,,Who was the widow woman's daughter?,Minda,,,explicit,Minda,,
8,local,4,explicit,action,,What did the old woman teach her daughter during the leisure-time of the lodge?,"lessons in the art of working with the quills of porcupine, and bestowed on her such other accomplishments as should make her an ornament and a blessing to her husband's household",,,explicit,"she gave her lessons in the art of working with the quills of porcupine, and bestowed on her such other accomplishments as should make her an ornament and a blessing to her husband's household",,
9,local,5,explicit,setting,,Where did Minda come across a bird of red and deep-blue plumage softly blended?,a bank,,,explicit,A bank,,
10,local,7,explicit,character,,Who was the bird lover?,Monedowa,,,explicit,Monedowa,,
11,local,7,explicit,action,character,What did Monedowa appear at the door of the lodge as?,a hunter,,,explicit,As a hunter with a red plume and a mantle of blue upon his shoulders,,
12,local,7,explicit,outcome resolution,,What happened to Monedowa after he had gone out of sight of the lodge?,"He changed himself into the wood-bird, as he had been before his marriage, and took his flight through the air.",,,explicit,He changed himself into the wood-bird,,
13,local,8,explicit,causal relationship,,Why did Monedowa appear to not be like the Indian people around him?,"ate but little, and that of a peculiar kind of meat, flavored with berries",,,explicit,"He ate but little, and that of peculiar kind of meat, flavored with berries",,
14,local,8,explicit,causal relationship,,Why did the mudjee monedo believe someone was living with the widow?,casted sharp glances at the scaffolds so well laden with meat,,,explicit,The scaffolds are so well laden with meat,,
15,local,9,explicit,action,,What did Monedowa tell his wife to do on the day of the visit of the manito?,"to prepare certain pieces of meat, which he pointed out to her, together with two or three buds of the birch-tree, which he requested her to put in the pot",greet the mantio with welcome,,explicit,Prepare certain pieces of meat,the manito should be hospitably received,
16,local,9,explicit,action,prediction,How will Monedowa dress himself?,as a warrior,,,explicit,"As a warrior, embellishing his visage with tints of red",,
17,local,10,explicit,feeling,,How did the manito feel about his crafty success?,pleased,,,explicit,Pleased,,
18,local,11,explicit,causal relationship,,Why did the manito cough with great violence?,swallowed a grain of the birch-bud,,,explicit,He swallowed a grain of birch-bud,,
19,local,11,explicit,outcome resolution,,What happened to the manito after he drank off the broth at a breath?,turned his head and commenced coughing with great violence,,,explicit,The old body in which he had disguised himself was well-nigh shaken in pieces,,
20,local,12,explicit,character,,Who attended Monedowa to the manito's racing-ground?,Minda,the mother,the mother's young son,explicit,"Minda, the other and her young son",,
21,local,12,explicit,action,,What did the manito tell Monedowa before the race began?,"""I wish it to be understood that when men run with me I make a wager, and I expect them to abide by it-life against life.""",,,explicit,"I wish it to be understood that when men run with me I make a wager, and I expect them to abide by it- life against life",,
22,local,13,implicit,causal relationship,,Why did Monedowa change to a bird when the old manito changed himself into a fox?,Birds were faster than foxes.,The manito was cheating.,,implicit,Because he is faster as a bird,The bird is faster than the fox,Becoming a bird put him ahead of Manito
23,local,13,explicit,action,,What did the mudjee monedo do when he saw his competitor before him?,immediately changed himself into a wolf,,,explicit,Changed himself into a wolf,,
24,local,13,explicit,action,,How did Monedowa know the mudjee monedo was in distress?,heard a noise from the mudjee monedo's throat,the birch-bud he swallowed at his mother-in-law's lodge,,explicit,Monedowa heard a noise from his throat,,
25,local,14,explicit,action,,What did the old manito assume the shape of to overtake Monedowa?,the buffalo,,,explicit,The shape of a deer,,
26,local,15,explicit,outcome resolution,,What happened to the wicked manito's kindred?,raised a cry of fear and fled away in a body to some distant land,,,explicit,"Raised a cry of fear and ffled away in a body to some distant land, whence they have never returned",,
27,local,16,explicit,causal relationship,,Why did Monedowa say he and his wife must leave the widow?,He had done that for which he was sent.,,,explicit,He has done that for which he was sent and is permitted tot ake with him the one whom he loves,,
28,summary,"5,6,16",implicit,causal relationship,,Why did Monedowa take the widow's daughter with him?,He was allowed to take one person with him.,He loved the daughter.,,implicit,He loved her,,
29,local,16,explicit,action,,What did Monedowa and Minda change into?,beautiful birds,,,explicit,Beautiful birds clothed in shining colors of red and blue,,
30,local,3,implicit,causal relationship,,Why did all of the Indian mothers abhor the manito?,The manito killed their sons.,The manito was a trickster.,The manito pressured their sons to shame.,implicit,He would challenge and kill their sons,,
31,local,4,implicit,causal relationship,,Why did the old woman strive to strengthen her son in every good course?,She wanted him to grow to be a good man.,She did not want him to die.,She wanted to prepare him for the manito's bet.,implicit,To not lose the skill and craft of his father and his brothers,,
32,local,6,explicit,setting,,Where did Minda return again and again?,the fragrant haunt in the wood,,,explicit,To the fragrant haunt in the wood,,
33,local,6,implicit,causal relationship,,Why did the bird ask Minda to be his?,to break the spell,He loved her.,He was treated kindly by her.,explicit,None ever heeded his voice till Minda,,
34,local,9,implicit,feeling,,How did the mother and wife feel telling Monedowa about the manito?,scared,terrified,mortified,implicit,Afraid,Scared,Concerned
35,summary,"1,10",implicit,causal relationship,,Why did the mudjee monedo invite Monedowa to a run?,to kill him,to prove himself unbeatable,The mudjee monedo was a trickster.,explicit,He enjoyed racing people and taking their lives,His cruel practice is to race men,
36,local,10,implicit,causal relationship,,Why did Monedowa partake in the feast first to show his guest that he need not fear?,to catch the manito off-guard,to trick the manito before the race,to show he was a good person,implicit,He was going to weaken him with a birch-bud,,
