question_id,local-or-sum,cor_section,attribute1,attribute2,question,ex-or-im1,answer1,answer2,answer3,ex-or-im2,answer4,answer5,answer6
1,local,1,action,,What were the five women doing?,explicit,"standing in a field, mowing",,,,,,
2,local,1,action,,What did each of the five women want?,explicit,a child,,,,,,
3,local,1,feeling,,How did the women feel to not have children?,implicit,sad,upset,,,,,
4,local,1,outcome resolution,,What happened when the women first saw the goose-egg?,implicit,They argued who saw it first.,They all wanted it.,,,,,
5,local,1,outcome resolution,action,What did the women do because they could not agree who saw the goose-egg first?,explicit,agreed that it should belong to all give of them and that all of them should sit on it,,,,,,
6,local,1,causal relationship,,Why did the women decide to sit on the egg?,explicit,That's what a goose what do,,,,,,
7,local,1,causal relationship,,Why did one of the women grow angry?,explicit,The first woman did not move or do a thing.,The rest had to feed her and themselves as well.,,,,,
8,local,2,causal relationship,,Why did the woman think a human child would slip out of the egg?,explicit,Something was murmuring inside it without it ever stopping.,,,,,,
9,local,3,outcome resolution,action,What did the woman do because she knew there was a child in the egg?,explicit,punched a hole in the egg,,,,,,
10,local,3,action,character,What came out of the egg?,explicit,a child,,,,,,
11,local,3,character,,What did the child look like?,explicit,big head and a small body,,,,,,
12,local,3,causal relationship,,Why was the child named Murmur Goose-Egg?,implicit,The child came from a goose-egg.,The child murmured in the goose-egg.,,,,,
13,local,4,outcome resolution,,What happened because the child grew greedy?,explicit,He devoured everything they had.,The women did not want to keep him anymore.,,,,,
14,local,4,causal relationship,,Why did the women not want to keep the child any longer?,explicit,"When they booked a dish of mush or a potful of porridge that was for all six of them, the child swallowed it all by himself.",,,,,,
15,local,4,action,,What did Murmur Goose-Egg say when he heard the women no longer wanted him?,explicit,He would gladly go his own gait.,"If they had no need of him, then he had no need of them.",,,,,
16,local,4,causal relationship,,How was Murmur Goose-Egg able to pick up such large stones?,implicit,He was strong.,He was powerful.,,,,,
17,local,4,action,,What work was Murmur Goose-Egg given?,explicit,gather up the stones in the field,,,,,,
18,local,4,prediction,feeling,How will the workman feel when he hears how quickly Murmur Goose-Egg worked?,implicit,surprised,astonished,disbelief,,,,
19,local,4,action,,What did Murmur Goose-Egg do with the stones he gathered?,explicit,put them in his pocket,,,,,,
20,local,4,action,,What animal was Murmur Goose-Egg stronger than?,explicit,a number of horses,,,,,,
21,local,5,action,,What did the workman do when he saw Murmur Goose-Egg had finished his work?,explicit,told him to come in and eat,,,,,,
22,local,5,outcome resolution,,What happened after Murmur Goose-Egg ate up everything?,explicit,He was only half satisfied.,,,,,,
23,local,6,character,,What type of eater was Murmur Goose-Egg?,explicit,dangerous,a bottomless cask,,,,,
24,local,6,causal relationship,,Why did the peasant send Murmur Goose-Egg to the castle?,explicit,He had no more work for him.,,,,,,
25,local,6,causal relationship,,Why was the castle a good fit for Murmur Goose-Egg?,explicit,There was enough to eat and drink in the castle.,,,,,,
26,local,7,action,,What was Murmur Goose-Egg's first task?,explicit,chop fire-wood,,,,,,
27,local,7,action,,What did Murmur Goose-Egg do after he finished chopping fire-wood?,explicit,came and asked what he was to do now,,,,,,
28,summary,"7,8",causal relationship,,Why did the superintendent think it could not be possible for all the wood to be chopped?,implicit,There was a lot of wood.,He did not know how strong Murmur Goose-Egg was.,,,,,
29,summary,"7,8",action,,What did Murmur Goose-Egg do that was bad?,explicit,"He had chopped up all that there was, kindling wood and building wood, beams and boards.",,,,,,
30,local,9,setting,,Where did Murmur Goose-Egg go to to get an axe?,explicit,the smithy,,,,,,
31,local,9,action,,What type of axe did Murmur Goose-Egg ask for?,explicit,iron ax of five hundred-weights,,,,,,
32,local,9,feeling,,How did the king feel when he saw Murmur Goose Egg's destruction in the forest?,explicit,frightened,angry,,,,,
33,local,9,action,outcome resolution,What did the king do because Murmur was so strong and he was frightened?,explicit,handle him with care,,,,,,
34,local,10,action,,How much meal would be needed to give Murmur enough porridge?,explicit,twelve tons,,,,,,
35,local,10,outcome resolution,,What happened because Murmur did not go to work about it very gently?,explicit,The house nearly broke from its joints and he well-nigh tore down the entire castle.,,,,,,
36,local,10,causal relationship,,Why did murmur go out into the field?,explicit,to call the help,Dinner was ready.,,,,,
37,local,12,outcome resolution,,What happened when Murmur Goose-Egg nearly finished threshing?,explicit,The enemy broke into the land and war began.,,,,,,
38,local,12,causal relationship,,Why did the king tell Murmur Goose-Egg to gather people and go meet the foe?,explicit,He thought the enemy would probably kill him.,,,,,,
39,summary,"9,10,12",causal relationship,,Why did the king want to get rid of Murmur Goose-Egg?,implicit,Murmur Goose-Egg was destructive.,Murmur Goose-Egg ate too much.,Murmur Goose-Egg gave the king a lot of problems.,,,,
40,local,12,action,,How did the king plan to get rid of Murmur?,implicit,sent him to go battle the foe,have the foe kill him in battle,,,,,
41,local,12,outcome resolution,,What happened because Murmur did not want to have the king's people killed?,explicit,He would see that he dealt with the enemy himself.,,,,,,
42,local,12,action,,What did Murmur need to fight the enemy?,explicit,a proper club,,,,,,
43,local,13,causal relationship,,Why was the six hundred-weight club not enough for Murmur Goose-Egg?,implicit,He did not think it was big enough.,He did not think it was strong enough.,,,,,
44,local,13,causal relationship,,Why did Murmur Goose-Egg go into the smithy himself?,explicit,The smith and all his workmen together could not forge a larger one.,,,,,,
45,local,13,action,,What did Murmur take down the hill?,explicit,knapsack,club,,,,,
46,local,13,action,,What was the knapsack made of?,explicit,fifteen ox-skins,,,,,,
47,local,14,action,,What did Murmur Goose-Egg do before he wanted to attack the soldiers?,explicit,eat,,,,,,
48,local,14,causal relationship,,Why did Murmur Goose-Egg not have a mind to attack the soldiers yet?,implicit,He wanted to eat first.,He was hungry.,,,,,
49,local,14,action,,What did the soldiers do while Murmur ate?,explicit,began to fire at him,,,,,,
50,local,14,causal relationship,,Why was Murmur not wounded by the bullets?,implicit,He had the knapsack before him/,He was too strong.,The bullets were not strong.,,,,
51,local,15,action,,What did Murmur do when a bomb flew into his windpipe?,explicit,"""Faugh!"" said he and spat it out again",,,,,,
52,local,15,prediction,feeling,How will Murmur feel after the chain and bullet tore away the bread?,explicit,angry,,,,,,
53,local,16,outcome resolution,,What happened when Murmur struck a few more blows?,explicit,The hills and valleys round about trembled.,All the enemy flew up into the air.,That was the end of the war.,,,,
54,local,16,feeling,,How did the king feel to see Murmur return?,implicit,astonished,disbelief,,,,,
55,local,16,setting,,Where did the king send Murmur?,explicit,the devil's place,,,,,,
56,local,17,action,,What was Murmur sent to do at the devil's place?,explicit,fetch the tribute from him,,,,,,
57,local,17,character,,Who was home when Murmur arrived at the devil's place?,explicit,his grandmother,,,,,,
58,local,17,action,,What did Murmur do while he waited for the devil to return?,explicit,ate his provisions,,,,,,
59,local,17,feeling,,How did Murmur feel after he had eaten all his provisions?,explicit,weary,,,,,,
60,local,18,prediction,action,What will the devil's grandmother do after Murmur shook the fir-tree?,implicit,give him the tribute,give Murmur what he wants,,,,,
61,local,19,feeling,,How did the devil feel when he heard what Murmur had done?,implicit,angry,mad,rage,,,,
62,local,19,causal relationship,,Why did Murmur begin to run as fast as he could?,explicit,the devil was at his heels,,,,,,
63,local,19,action,,How did Murmur keep the devil from coming to close quarters?,explicit,stretched out the club behind him,,,,,,
64,local,19,outcome resolution,,What happened because the devil followed Murmur so hotly?,explicit,"He ran into the club, fell down into the valley and broke it foot.",,,,,,
65,summary,"17,19",setting,prediction,Where will Murmur take the tribute?,explicit,the royal castle,home,,,,,
66,local,20,outcome resolution,,What happened when Murmur flung down the knapsack of money?,explicit,The whole castle tottered.,,,,,,
67,local,20,action,,What did Murmur want in exchange for the tribute?,explicit,more work to do,,,,,,
68,local,20,causal relationship,,Why did the king send Murmur to the hill-troll?,implicit,He wanted to get rid of Murmur.,He wanted to send Murmur away.,,,,,
69,local,20,action,,What did the hill-troll do?,explicit,robbed the king of the sword of his ancestors,,,,,,
70,local,20,causal relationship,,Why did not one venture to go to the castle by the sea?,implicit,It was dangerous.,It was scary.,,,,,
71,local,21,action,,What was Murmur given before he set out?,explicit,a few cart-loads of provisions in his big knapsack,,,,,,
72,local,21,causal relationship,,Why could Murmur not get to the troll?,explicit,The troll was not out in the open and the mountain was closed.,,,,,,
73,local,21,outcome resolution,,What happened while Murmur was working?,explicit,The first cart-load of provisions had already been eaten up.,,,,,,
74,local,21,character,,Who had a better appetite than Murmur?,explicit,whoever got hold of his cart,,,,,,
75,local,22,causal relationship,,Why did Murmur pretend to sleep by his cart?,implicit,to catch whoever was eating his provisions,to find out who ate his food,,,,,
76,local,22,character,,How many heads did the troll have?,explicit,seven,,,,,,
77,local,23,action,,What was the horse doing when Murmur went into the hill?,explicit,eating out of a barrel of glowing ashes,,,,,,
78,local,23,causal relationship,,Why could the horse not eat from the barrel filled with oats?,explicit,He cannot turn around.,,,,,,
79,local,24,outcome resolution,,What happened because the man was enchanted?,explicit,He turned into a horse by the troll.,,,,,,
80,summary,"23,24",causal relationship,,Why did the horse help Murmur look for the sword?,implicit,Murmur had helped him.,Murmur helped the horse break the curse.,Murmur helped him turn back into a man.,,,,
81,local,24,outcome resolution,,What happened because Murmur ran off with the sword?,explicit,The old troll grandmother came after them.,The old troll grandmother commenced to drink so that the water went down and grew lower.,,,,,
82,local,25,action,,What did Murmur Goose-Egg do because the sword could not be moved?,explicit,took it up and carried it up alone,,,,,,
83,local,25,feeling,,How did the king feel to see Murmur carry the sword?,implicit,shocked,surprised,disbelief,,,,
84,local,25,action,,What was Murmur to do at the troll's castle?,explicit,remain there until he had built a bridge across the sound so that people could cross,,,,,,
85,local,27,action,,What did Murmur see when the gate flew wide open?,explicit,nothing but a pair of yawning jaws that reached from the threshold to the top of the door.,,,,,,
86,local,27,action,,What did Murmur want to do when the tumult and rumbling started?,explicit,sleep,,,,,,
87,summary,"19,27",prediction,character,Who will the jaws turn out to be?,implicit,the devil,,,,,,
88,local,28,action,,What did Murmur and the devil do together?,explicit,play cards together,,,,,,
89,local,28,outcome resolution,,What happened because Murmur had won all the devil had?,explicit,The devil had to give him some of the gold and silver that was in the castle.,,,,,,
90,local,28,causal relationship,,Why did Murmur always win?,explicit,He made a cross on the cards.,,,,,,
91,local,28,prediction,action,What will Murmur do to the devil?,implicit,trick him,trap him,,,,,
92,local,29,action,,What did Murmur want to devil to do in exchange for being let go?,explicit,"build a bridge over the sound, on which one could go back and forth at all seasons of the year",,,,,,
93,local,29,causal relationship,,Why did the king come to see Murmur Goose-Egg?,explicit,to see whether he were lying crushed on the ground or had merely been badly beaten,,,,,,
94,summary,"28,30",causal relationship,,Why was Murmur surrounded by money?,implicit,He won money from the devil.,The money was from the devil.,,,,,
95,local,30,action,,What was Murmur doing when the king arrived?,explicit,lay in the bed and snored,,,,,,
96,local,30,outcome resolution,,What happened when the bridge was finished?,explicit,"On it stood the devil, ready to collect the toll promised him.",,,,,,
97,summary,"25,30",causal relationship,,Why did the king cry about his daughter?,implicit,He had promised his daughter to Murmur.,"If Murmur builds the bridge, he will marry the king's daughter.",,,,,
98,local,31,causal relationship,,Why did Murmur Goose-Egg want the king to be the first to try the bridge?,implicit,so the devil would have his soul,to give the devil the king's soul,to save his own soul,,,,
99,local,31,outcome resolution,,What happened after the devil flew home?,explicit,Since then nothing more has been heard or seen of him.,,,,,,
100,local,32,action,,What did the king do when Murmur asked for his reward?,explicit,hesitated and began to make all shorts of excuses in order not to have to keep his promise,,,,,,
101,local,32,causal relationship,,Why did the king make excuses to not keep his promise?,implicit,He did not want to give Murmur his daughter.,He did not want Murmur to marry his daughter.,,,,,
102,local,32,feeling,,How did Murmur feel when the king did not keep his promise?,implicit,upset,angry,,,,,
