question_id,local-or-sum,cor_section,attribute1,attribute2,question,ex-or-im1,answer1,answer2,answer3,ex-or-im2,answer4,answer5,answer6
1,local,1,character,,What kind of hair did the wife have?,explicit,golden hair,,,explicit,golden hair,,
2,local,1,causal relationship,,Why couldn't one find anyone like the king's wife?,explicit,She was so beautiful.,,,explicit,she was too beautiful,no one had golden hair,
3,local,1,outcome resolution,,What happened when the king's wife fell ill?,explicit,She felt that she must soon die.,,,explicit,she felt she must soon die,,
4,local,1,character,,Who did the king's wife send for when she felt that she would soon die?,explicit,the king,,,explicit,the king,,
5,local,1,causal relationship,,Why did the councillors say the king had to marry again?,explicit,so that they may have a queen,,,explicit,so that we may have a queen,,
6,local,1,causal relationship,,Why were the messengers sent far and wide?,explicit,to seek for a bride equal to the late Queen in beauty,,,explicit,to seek for a bride equal to the late Queen in beauty,,
7,local,2,character,,How did the king's daughter look?,explicit,just as beautiful as her dead mother,had just such golden hair,,explicit,just as beautiful as her dead mother,had just such golden hair,she was exactly like her mother
8,local,2,causal relationship,,Why did the king want his daughter to be the queen?,explicit,She was exactly like her dead mother.,,,explicit,exactly like her dead mother,,
9,local,2,outcome resolution,prediction,What will happen when the king dies?,explicit,His daughter's husband shall be king.,,,explicit,her husband shall be kind,,
10,local,2,feeling,,How did the king's daughter feel when she heard his decision?,explicit,not at all pleased,,,explicit,she was not pleased at all,,
11,summary,"2,3",action,,What did the king's daughter say she must have?,explicit,three dresses,cloak made of a thousand different kinds of skin,,explicit,I must have three dresses,I want a cloak made of a thousand different kinds of skin,
12,local,3,action,,What did the cloak have to made of?,explicit,every animal,,,explicit,every animal in your kingdom must give a bit of his skin to it,,
13,local,3,action,,What did the king command the huntsmen to do?,explicit,catch one of every kind of beast in the kingdom,get a bit of its skin to make the cloak of a thousand pieces of fur,,explicit,catch one of every kind of beast in the kingdom,get a bit of its skin to make the cloak,
14,local,3,character,,Who did the king command to weave the three dresses?,explicit,the most skilled maidens,,,explicit,the most skilled maidens in his kingdom,,
15,local,3,outcome resolution,,What happened after all was ready?,explicit,"The King commanded the cloak to be brought to him, and he spread it out before the Princess.",,,explicit,the King commanded the cloak be brought to him,he spread it out before the Princess,"said, 'Tomorrow shall be your wedding-day.'"
16,local,3,action,,What was the princess determined to do?,explicit,flee away,,,explicit,she determined to flee away,,
17,local,3,action,,What did the princess do while everyone was sleeping?,explicit,She got up and took three things from her treasures.,,,explicit,she got up and took three things from her treasures,,
18,local,3,action,,What did the princess put in a nut-shell?,explicit,"the sun, moon, and star dresses",,,explicit,"she put the sun, moon, and star dresses",,
19,local,3,character,,Who did the princess commend herself to?,explicit,God,,,explicit,to God,,
20,local,3,setting,,Where did the princess travel till?,explicit,a large forest,,,explicit,till she came to a large forest,,
21,local,3,setting,,Where did the princess fall asleep?,explicit,inside a hollow tree,,,explicit,inside a hollow tree,,
22,local,3,action,,What did the princess do after she condemned herself to God?,explicit,went out and travelled the whole night,,,explicit,went out and travelled the whole night,,
23,local,4,character,,Who did the wood belong to?,explicit,the king,,,explicit,the King,,
24,local,4,action,,What did the king do in the wood?,explicit,hunt,,,explicit,hunting in it,,
25,local,4,action,,What did the dogs do when they came to the tree?,explicit,sniffed,"ran round and round it, barking",,explicit,"they sniffed, and ran round and round, barking",,
26,local,4,action,,What did the huntsmen say lived in the tree?,explicit,a wonderful animal that they didn't know,,,explicit,a wonderful animal that we don't know,,
27,local,4,action,,What did the king tell the huntsmen to do to the beast?,explicit,catch it alive,fasten it to the cart,,explicit,see if you can catch it alive,,
28,local,4,outcome resolution,,What happened after the huntsmen seized the maiden?,explicit,She awoke.,,,explicit,"she awoke and was frightened, and cried out to them",,
29,local,4,feeling,,How did the princess feel when she awoke?,explicit,frightened,,,explicit,frightened,,
30,local,4,action,,What did the huntsmen say the creature could do?,explicit,work in the kitchen,sweep the ashes together,,explicit,you can work in the kitchen,,
31,local,4,setting,,Where did the creature and the huntsmen go?,explicit,back to the palace,,,explicit,to the palace,,
32,local,4,setting,,Where would the Many-furred Creature sleep?,explicit,a tiny room under the stairs,,,explicit,"a tiny room under the stairs, where no daylight came",,
33,local,4,action,,What did the Many-furred Creature do in the kitchen?,explicit,"carried wood and water, poked the fire, washed vegetables, plucked fowls, swept up the ashes, and did all the dirty work",,,explicit,"she carried wood and water, poked the fire, washed vegetables, plucked fowls, sweupt up the ashes and did all the diry work",did all the dirty work,
34,local,5,prediction,action,What will the princess do in half-an-hour?,explicit,be back here to sweep up the ashes,,,explicit,sweep up the ahses,,
35,local,5,action,,What did the princess do in her little room?,explicit,"drew off her fur cloak, and washed off the soot from her face and hands",,,explicit,washed off the soot from her face and hands,,
36,local,5,causal relationship,,Why did everybody step out of the princess' way?,explicit,"Nobody knew her, and they thought she must be a King's daughter.",,,explicit,they thought she must be a King's daughter,,
37,local,5,action,,What did the king do after he came towards the princess?,explicit,"gave her his hand, and danced with her",,,explicit,gave her his hand and danced with her,,
38,local,6,prediction,outcome resolution,What will happen if the Many-furred creature drops a hair in the soup?,explicit,The Many-furred Creature will get nothing to eat in future.,,,explicit,you will get nothing to eat in the future!,,
39,local,6,action,,What did the Many-furred Creature do after she made a bread-soup?,explicit,"fetched her gold ring from her little room, and laid it in the tureen in which the soup was to be served up",,,explicit,laid a gold ring in the tureen in which the was to be served,,
40,local,7,action,,What did the king discover at the bottom of the dish?,explicit,a gold ring,,,explicit,a gold ring,,
41,local,7,feeling,,How did the cook feel when the king called him in?,explicit,terrified,,,explicit,terrified,,
42,local,7,causal relationship,,Why did the king say the cook did not prepare his soup?,explicit,It was quite different and much better soup than the cook have ever cooked.,,,explicit,it was quite different and much better soup than you have ever cooked,,
43,local,7,character,,Who did the cook say cooked the soup?,explicit,the Many-furred Creature,,,explicit,the Many-furred Creature did,,
44,local,8,character,,Who did the Many-furred Creature go upstairs looking like?,explicit,a king's daughter,,,explicit,a King's daughter,,
45,summary,"5,8",prediction,action,What will the king do with the beautiful maiden when he sees her again?,explicit,dance,,,implicit,Dance with her,,
46,local,8,feeling,,How did the king feel seeing the maiden again?,explicit,delighted,,,explicit,delighted,,
47,local,9,outcome resolution,,What happened when the dance ended?,explicit,The maiden disappeared again so quickly that the King could not see which way she went.,,,explicit,she disappeared again so quickly,,
48,summary,"8,9",action,,What did the Many-furred Creature say her use was?,explicit,have boots thrown at her head,,,explicit,to have boots thrown at her head,,
49,local,9,action,,What did the cook think the Many-furred Creature was?,explicit,a witch,,,explicit,a witch,,
50,local,9,causal relationship,,Why did the cook think the Many-furred Creature was a witch?,explicit,"She always put something in the soup, so that it is much better and tastes nicer to the King than any that he cooked.",,,explicit,"they always put something in the soup, so that it is much better and tatses nicer to the King than any that I cook",,
51,local,9,causal relationship,,Why did the cook let the Many-furred Creature go up for the usual time?,explicit,She begged hard.,,,explicit,she begged hard,,
52,local,10,action,,What did the king do to the maiden while they were dancing?,explicit,He put a gold ring on her finger without her seeing it.,,,explicit,he put a gold ring on her finger without her seeing it,,
53,local,10,outcome resolution,,What happened because the maiden stayed too long beyond the half-hour?,explicit,She could not stop to take off the beautiful dress.,She did not make herself quite black with the soot.,,explicit,could not stop to take off the beautiful dress,thew the fur cloak over it,did not make herself quite black with the soot
54,local,11,action,,What did the king see when he saw the Many-furred Creature?,explicit,the white finger,the ring which he had put on her hand in the dance,,explicit,he saw the white finger,the ring which he had put on her hand in the dance,
55,local,11,outcome resolution,,What happened when the king tore the cloak off of the Many-furred Creature?,explicit,"Her golden hair came down, and she stood there in her full splendour.",,,explicit,Her golden hair came down,,
56,local,1,feeling,,How did the king feel when his wife died?,implicit,devastated,alone,sad,implicit,he felt very sad,he was inconsolable,he could not be comforted
57,local,1,causal relationship,,Why did the king's wife tell the king the new queen had to be as beautiful as her?,implicit,She wanted to preserve her image.,She wanted the king to have a beautiful wife.,,implicit,so that the king would never marry,,
58,local,1,causal relationship,,Why did the king not think about taking a second wife?,implicit,He was mourning his first wife.,He was too upset.,He did not think about marrying so soon.,implicit,he was grieving the queen,no one is as beautiful as the queen,
59,summary,"2,3",causal relationship,,Why was the king's daughter not pleased with what her father told the councillors?,implicit,She had no say in his decision.,She could not choose who she wanted to marry.,She did not want to marry a councillor.,implicit,she did not want to marry someone she did not care for,,
60,summary,"2,3",causal relationship,,Why did the king say tomorrow was the princess' wedding day?,implicit,He made her the dresses and coat.,He fulfilled her request.,,implicit,He finished the tasks/requests,so that there will be a new Queen,
61,local,3,feeling,prediction,How will the princess feel when the king fulfills her request?,implicit,surprised,shocked,upset,implicit,surprised,scared,upset
62,local,4,causal relationship,,Why did the dogs bark at the tree?,implicit,They could smell something in the tree.,The princess was hiding in the tree.,,implicit,they smelled the princess hiding in the tree,,
63,local,4,causal relationship,,Why was the princess frightened when she awoke?,implicit,She was discovered by the huntsmen.,She was seized.,She did not think she would be caught.,implicit,she saw the King's huntsmen in front of her,,
64,local,4,causal relationship,,Why did the princess not tell the huntsmen she was the king's daughter?,implicit,She did not want the king to find her.,She did not want to be wed.,She wanted to remain hidden.,implicit,she would have been forced into marriage,she did not want to be recognized,
65,local,6,causal relationship,,Why did the cook want to peep at the company upstairs?,implicit,He heard about a fair maiden there.,He wanted to party.,He wanted to talk to the guests.,implicit,he wanted to see the guests upstairs,he wanted to attend the party,
66,local,6,causal relationship,,Why did the princess leave her gold ring in the bread-soup?,implicit,to give a hint to her father about her whereabouts,to taunt her father,,implicit,to tease her father,to hint to who she really is,
67,local,8,causal relationship,,Why did the Many-furred Creature say she did not know where the ring came from?,implicit,She did not want the king to know she was his daughter.,She wanted to tease the king.,She had to pretend she did not know what was going on.,implicit,she did not want to reveal that she was the King's daughter,,
68,local,9,causal relationship,,Why did the king have the cook sent to him again?,implicit,He found a golden spinning-wheel in the soup.,He wanted to know who made the soup.,He enjoyed the soup.,implicit,he really liked the soup,he found the golden spinning-wheel,
69,summary,"7,9",feeling,prediction,How will the cook feel when he hears the king likes the Many-furred Creature's soup better than his?,implicit,jealous,envious,sour,implicit,jealous,inferior,upset
70,local,10,causal relationship,,Why did the king want to keep the maiden's hand in his?,implicit,He loved her.,He did not want her to run away.,He wanted to know who she really was.,implicit,he wanted to keep her from running away,he wanted to find out who she was,
71,summary,"10,11",causal relationship,,Why did the king put a gold ring on the maiden's finger?,implicit,to figure out who she was,to keep track of her,,implicit,so that he can find her later,,
72,summary,"10,11",action,,How did the king know the Many-furred creature was the maiden?,implicit,She wore the ring.,He saw the white finger.,He saw her dress.,explicit,he saw the ring he had put on her hand in the dance,,
